customer_id,name,last_interaction_date,plan_type,region
1001,Customer 1001,2024-01-22,Unlimited,West
1002,Customer 1002,2024-03-23,Basic,North
1003,Customer 1003,2024-10-13,Unlimited,South
1004,Customer 1004,2025-02-27,Unlimited,North
1005,Customer 1005,2024-10-02,Basic,South
1006,Customer 1006,2024-11-16,Basic,West
1007,Customer 1007,2025-03-26,Unlimited,West
1008,Customer 1008,2024-08-30,Premium,South
1009,Customer 1009,2024-10-03,Unlimited,East
1010,Customer 1010,2025-05-11,Unlimited,South
1011,Customer 1011,2024-12-28,Unlimited,East
1012,Customer 1012,2025-03-19,Unlimited,North
1013,Customer 1013,2025-03-23,Basic,North
1014,Customer 1014,2024-03-14,Unlimited,North
1015,Customer 1015,2024-04-20,Premium,West
1016,Customer 1016,2024-02-29,Basic,North
1017,Customer 1017,2024-05-30,Premium,East
1018,Customer 1018,2025-03-06,Premium,North
1019,Customer 1019,2025-05-03,Premium,South
1020,Customer 1020,2024-07-01,Premium,South
1021,Customer 1021,2025-02-25,Basic,West
1022,Customer 1022,2025-04-17,Basic,South
1023,Customer 1023,2025-01-08,Premium,East
1024,Customer 1024,2024-06-25,Premium,North
1025,Customer 1025,2025-03-18,Basic,West
1026,Customer 1026,2024-08-25,Basic,North
1027,Customer 1027,2024-08-05,Basic,North
1028,Customer 1028,2024-08-11,Unlimited,East
1029,Customer 1029,2024-03-07,Unlimited,South
1030,Customer 1030,2024-05-28,Unlimited,South
1031,Customer 1031,2024-09-01,Premium,North
1032,Customer 1032,2024-02-01,Unlimited,West
1033,Customer 1033,2024-11-08,Premium,South
1034,Customer 1034,2025-05-07,Premium,West
1035,Customer 1035,2024-05-30,Unlimited,South
1036,Customer 1036,2025-01-13,Premium,West
1037,Customer 1037,2025-03-28,Unlimited,East
1038,Customer 1038,2025-01-22,Unlimited,West
1039,Customer 1039,2024-06-08,Basic,East
1040,Customer 1040,2024-02-05,Unlimited,East
1041,Customer 1041,2024-10-23,Basic,West
1042,Customer 1042,2024-12-26,Unlimited,East
1043,Customer 1043,2024-05-18,Unlimited,North
1044,Customer 1044,2024-07-29,Basic,East
1045,Customer 1045,2024-01-02,Basic,South
1046,Customer 1046,2024-06-17,Unlimited,West
1047,Customer 1047,2025-05-05,Premium,North
1048,Customer 1048,2024-05-15,Basic,West
1049,Customer 1049,2025-01-24,Premium,South
1050,Customer 1050,2024-03-16,Premium,South
1051,Customer 1051,2024-01-05,Premium,South
1052,Customer 1052,2024-04-04,Basic,East
1053,Customer 1053,2024-01-26,Premium,East
1054,Customer 1054,2024-07-18,Basic,West
1055,Customer 1055,2024-04-11,Premium,West
1056,Customer 1056,2024-06-22,Unlimited,North
1057,Customer 1057,2024-04-15,Unlimited,North
1058,Customer 1058,2024-05-18,Basic,West
1059,Customer 1059,2024-09-09,Unlimited,East
1060,Customer 1060,2025-04-04,Unlimited,South
1061,Customer 1061,2025-05-09,Premium,West
1062,Customer 1062,2024-10-25,Basic,North
1063,Customer 1063,2024-03-05,Premium,East
1064,Customer 1064,2024-11-30,Premium,West
1065,Customer 1065,2024-03-20,Premium,West
1066,Customer 1066,2024-09-01,Premium,East
1067,Customer 1067,2024-07-29,Premium,West
1068,Customer 1068,2024-01-01,Premium,East
1069,Customer 1069,2025-03-11,Premium,South
1070,Customer 1070,2024-03-11,Basic,East
1071,Customer 1071,2024-09-22,Unlimited,East
1072,Customer 1072,2024-02-06,Premium,East
1073,Customer 1073,2024-09-01,Premium,West
1074,Customer 1074,2025-03-08,Premium,West
1075,Customer 1075,2024-11-30,Premium,East
1076,Customer 1076,2024-04-04,Premium,West
1077,Customer 1077,2025-02-03,Premium,North
1078,Customer 1078,2024-09-30,Unlimited,North
1079,Customer 1079,2025-02-28,Unlimited,West
1080,Customer 1080,2024-06-28,Premium,West
1081,Customer 1081,2024-01-28,Unlimited,East
1082,Customer 1082,2024-12-13,Basic,South
1083,Customer 1083,2024-01-30,Premium,West
1084,Customer 1084,2024-10-19,Basic,North
1085,Customer 1085,2025-02-01,Basic,East
1086,Customer 1086,2024-09-18,Premium,West
1087,Customer 1087,2024-10-25,Unlimited,North
1088,Customer 1088,2024-06-12,Basic,North
1089,Customer 1089,2025-03-22,Premium,South
1090,Customer 1090,2024-09-04,Basic,East
1091,Customer 1091,2024-05-31,Basic,East
1092,Customer 1092,2025-04-11,Basic,South
1093,Customer 1093,2024-07-05,Basic,South
1094,Customer 1094,2024-01-24,Unlimited,East
1095,Customer 1095,2024-09-02,Basic,East
1096,Customer 1096,2024-10-07,Basic,West
1097,Customer 1097,2025-05-09,Basic,West
1098,Customer 1098,2024-08-03,Unlimited,South
1099,Customer 1099,2024-08-13,Basic,West
1100,Customer 1100,2024-10-14,Basic,North
1101,Customer 1101,2024-06-03,Unlimited,West
1102,Customer 1102,2025-02-22,Unlimited,West
1103,Customer 1103,2024-09-11,Unlimited,North
1104,Customer 1104,2024-01-16,Basic,South
1105,Customer 1105,2024-11-12,Unlimited,North
1106,Customer 1106,2025-05-07,Unlimited,West
1107,Customer 1107,2025-01-21,Basic,South
1108,Customer 1108,2024-04-17,Unlimited,West
1109,Customer 1109,2025-04-25,Basic,North
1110,Customer 1110,2024-01-06,Premium,North
1111,Customer 1111,2024-03-25,Unlimited,West
1112,Customer 1112,2024-05-08,Premium,East
1113,Customer 1113,2024-10-18,Basic,East
1114,Customer 1114,2024-01-04,Unlimited,North
1115,Customer 1115,2024-01-10,Basic,North
1116,Customer 1116,2025-01-17,Premium,East
1117,Customer 1117,2024-02-01,Basic,East
1118,Customer 1118,2024-12-08,Unlimited,West
1119,Customer 1119,2025-02-11,Unlimited,West
1120,Customer 1120,2024-01-04,Premium,East
1121,Customer 1121,2025-04-07,Basic,West
1122,Customer 1122,2024-06-27,Unlimited,West
1123,Customer 1123,2024-04-22,Premium,South
1124,Customer 1124,2024-12-15,Unlimited,West
1125,Customer 1125,2025-03-05,Unlimited,North
1126,Customer 1126,2025-02-07,Basic,West
1127,Customer 1127,2025-05-08,Unlimited,West
1128,Customer 1128,2024-08-29,Basic,East
1129,Customer 1129,2024-06-28,Unlimited,North
1130,Customer 1130,2024-11-21,Premium,West
1131,Customer 1131,2025-02-24,Unlimited,West
1132,Customer 1132,2025-02-12,Basic,South
1133,Customer 1133,2025-01-05,Basic,West
1134,Customer 1134,2024-08-24,Premium,West
1135,Customer 1135,2024-10-22,Unlimited,South
1136,Customer 1136,2024-06-15,Unlimited,East
1137,Customer 1137,2024-04-29,Premium,West
1138,Customer 1138,2024-08-12,Unlimited,South
1139,Customer 1139,2024-07-24,Unlimited,North
1140,Customer 1140,2025-05-19,Basic,East
1141,Customer 1141,2024-12-02,Unlimited,North
1142,Customer 1142,2025-03-21,Unlimited,North
1143,Customer 1143,2025-03-19,Premium,South
1144,Customer 1144,2024-09-06,Premium,West
1145,Customer 1145,2024-01-25,Basic,South
1146,Customer 1146,2024-12-25,Unlimited,South
1147,Customer 1147,2024-04-10,Unlimited,South
1148,Customer 1148,2024-03-06,Unlimited,South
1149,Customer 1149,2024-09-26,Basic,East
1150,Customer 1150,2024-12-18,Basic,West
1151,Customer 1151,2024-12-12,Premium,North
1152,Customer 1152,2024-01-27,Basic,North
1153,Customer 1153,2024-10-02,Unlimited,West
1154,Customer 1154,2024-03-19,Unlimited,North
1155,Customer 1155,2024-04-09,Basic,West
1156,Customer 1156,2024-07-30,Unlimited,North
1157,Customer 1157,2024-02-02,Unlimited,South
1158,Customer 1158,2025-05-01,Basic,North
1159,Customer 1159,2025-04-09,Basic,West
1160,Customer 1160,2024-09-09,Unlimited,West
1161,Customer 1161,2025-05-18,Unlimited,West
1162,Customer 1162,2025-04-17,Unlimited,West
1163,Customer 1163,2024-05-25,Premium,West
1164,Customer 1164,2025-03-19,Premium,East
1165,Customer 1165,2024-12-13,Premium,East
1166,Customer 1166,2025-04-24,Basic,North
1167,Customer 1167,2024-07-27,Premium,West
1168,Customer 1168,2025-03-09,Basic,North
1169,Customer 1169,2024-04-23,Basic,West
1170,Customer 1170,2025-01-27,Premium,West
1171,Customer 1171,2025-05-29,Premium,East
1172,Customer 1172,2025-01-10,Premium,East
1173,Customer 1173,2024-01-13,Unlimited,South
1174,Customer 1174,2024-05-17,Premium,East
1175,Customer 1175,2024-03-09,Unlimited,South
1176,Customer 1176,2024-01-14,Basic,South
1177,Customer 1177,2025-05-11,Unlimited,South
1178,Customer 1178,2025-04-23,Premium,South
1179,Customer 1179,2025-05-21,Basic,South
1180,Customer 1180,2024-06-30,Basic,North
1181,Customer 1181,2025-04-09,Basic,East
1182,Customer 1182,2024-12-03,Unlimited,South
1183,Customer 1183,2025-03-06,Premium,West
1184,Customer 1184,2024-07-11,Basic,East
1185,Customer 1185,2024-01-12,Basic,East
1186,Customer 1186,2025-04-06,Basic,South
1187,Customer 1187,2025-05-04,Unlimited,North
1188,Customer 1188,2024-08-13,Unlimited,South
1189,Customer 1189,2024-04-20,Premium,North
1190,Customer 1190,2024-12-06,Unlimited,West
1191,Customer 1191,2024-02-08,Basic,East
1192,Customer 1192,2024-06-12,Premium,West
1193,Customer 1193,2024-11-06,Basic,North
1194,Customer 1194,2024-09-25,Basic,North
1195,Customer 1195,2024-01-27,Unlimited,West
1196,Customer 1196,2024-07-24,Premium,North
1197,Customer 1197,2025-06-01,Unlimited,West
1198,Customer 1198,2025-05-05,Unlimited,East
1199,Customer 1199,2024-01-10,Premium,West
1200,Customer 1200,2024-10-15,Basic,East
